,pi1,pi2,pi3,gamma1,gamma2,gamma3,D1,D2,D3,A 1->1,A 1->2,A 1->3,A 2->1,A 2->2,A 2->3,A 3->1,A 3->2,A 3->3
_test.csv,0.3607938327301114,0.5900530031694639,0.04915316410042457,0.16515397025746315,0.5028606022808964,0.33198542746163917,0.07573410093882166,0.020875724666537015,0.00843158745059369,0.9199526145523669,0.08004734503599367,4.041163941773033e-08,0.015592851562996978,0.9469975595718992,0.03740958886510366,6.228607312165305e-16,0.036067886330199146,0.9639321136698003
