,pi1,pi2,pi3,D1,D2,D3,tracknum,stepnum
_test.csv,0.10090045256515447,0.3901175832887997,0.5089819641460458,0.09475913010268872,0.027722873577566844,0.010664644182275659,2560,27560
